{
  "eye": {
    "orientation": [
      0.09533854573965073,
      -0.6328782439231873,
      -0.09488517045974731,
      -0.7624778747558594
    ],
    "magnitude": 0.5773502588272095,
    "position": [
      947.2064819335938,
      264.79119873046875,
      180.78500366210938
    ]
  },
  "radius": 500,
  "type": "PERSPECTIVE"
}